<?xml version="1.0" encoding="UTF-8" standalone="yes"?>
<products>
    <product name="Agaricus Equisetum Special Order" price="585.93" seller="Christine Gomez"/>
    <product name="CLARINS Ever Matte SPF 15 - 105 Nude" price="696.06" seller="Wanda Harris"/>
    <product name="Childrens Allegra Allergy" price="650.97" seller="Jeremy Woods"/>
    <product name="Prednisone" price="550.72" seller="null Bennett"/>
    <product name="TERSI" price="554.91" seller="Chris Mitchell"/>
    <product name="DAYWEAR PLUS MULTI PROTECTION TINTED MOISTURIZER" price="555.12" seller="Ann Stevens"/>
    <product name="No7 Protect and Perfect Foundation Sunscreen Broad Spectrum SPF 15 Cool Ivory" price="616.19" seller="Sarah Day"/>
    <product name="Glipizide" price="621.78" seller="Emily Parker"/>
    <product name="Ampicillin" price="674.63" seller="Christine Gomez"/>
    <product name="AMARANTHUS PALMERI POLLEN" price="623.16" seller="Patricia Cooper"/>
    <product name="Diastat" price="614.14" seller="Jeremy Woods"/>
    <product name="TRAMADOL HYDROCHLORIDE" price="516.48" seller="Chris Mitchell"/>
    <product name="equaline" price="520.45" seller="Nicole Harris"/>
    <product name="PRIMAXIN" price="686.66" seller="Jacqueline Perez"/>
    <product name="Allopurinol" price="518.50" seller="Brenda Howell"/>
    <product name="Strattera" price="658.54" seller="Sarah Day"/>
    <product name="ENBREL" price="673.97" seller="Sandra Riley"/>
    <product name="Propranolol Hydrochloride" price="546.95" seller="Christina Patterson"/>
    <product name="Parsley" price="519.06" seller="Marie Williamson"/>
    <product name="Topiramate" price="578.77" seller="Arthur Reynolds"/>
    <product name="Gemcitabine" price="594.79" seller="Clarence Fowler"/>
    <product name="AIR" price="581.69" seller="Emily Parker"/>
    <product name="AVANDAMET" price="632.08" seller="Jennifer Riley"/>
    <product name="Pleo Ginkgo" price="613.65" seller="Chris Mitchell"/>
    <product name="Extra Strength Pain Reliever PM" price="542.72" seller="Patricia Fuller"/>
    <product name="Echinacea Quartz Gum Support" price="570.08" seller="Joshua Murray"/>
    <product name="Amitiza" price="666.58" seller="Brandon Fuller"/>
    <product name="Imipramine Hydrochloride" price="648.69" seller="null Fox"/>
    <product name="Ketorolac Tromethamine" price="608.18" seller="Sandra Riley"/>
    <product name="Foaming Hand Sanitizer" price="624.72" seller="Anna Clark"/>
    <product name="PLANTAGO LANCEOLATA POLLEN" price="561.68" seller="Rachel Johnson"/>
    <product name="ziprasidone hydrochloride" price="628.66" seller="Nicole Harris"/>
</products>
